﻿<?xml version="1.0" encoding="utf-8"?>
<Clients>
  <Client>
    <ID>1921</ID>
    <Name>Shay</Name>
    <Address>Sderot Hertzel 12</Address>
    <CreditCard>45326</CreditCard>
    <Age>23</Age>
  </Client>
  <Client>
    <ID>10934</ID>
    <Name>ari</Name>
    <Address>Beit Shemesh</Address>
    <CreditCard>78695</CreditCard>
    <Age>65</Age>
  </Client>
  <Client>
    <ID>493</ID>
    <Name>avia</Name>
    <Address>Giv'at Ze'ev</Address>
    <CreditCard>1938</CreditCard>
    <Age>18</Age>
  </Client>
  <Client>
    <ID>1313</ID>
    <Name>zvi</Name>
    <Address>Alon Shvut</Address>
    <CreditCard>91731</CreditCard>
    <Age>20</Age>
  </Client>
  <Client>
    <ID>20744</ID>
    <Name>itan</Name>
    <Address>Ma'ale Adumim</Address>
    <CreditCard>38267</CreditCard>
    <Age>19</Age>
  </Client>
</Clients>