﻿<?xml version="1.0" encoding="utf-8"?>
<Order>
  <Order>
    <ID>192334</ID>
    <BranchID>2</BranchID>
    <Address>Sdarot herzl 12</Address>
    <Date>0001-01-01T00:00:00</Date>
    <Kosher>LOW</Kosher>
    <ClientID>10934</ClientID>
    <Delivered>false</Delivered>
  </Order>
  <Order>
    <ID>34567</ID>
    <BranchID>87465</BranchID>
    <Address>hall in beit shems</Address>
    <Date>0001-01-01T00:00:00</Date>
    <Kosher>MEDIUM</Kosher>
    <ClientID>1921</ClientID>
    <Delivered>false</Delivered>
  </Order>
  <Order>
    <ID>2917080</ID>
    <BranchID>2</BranchID>
    <Address>Sdarot herzl 12</Address>
    <Date>0001-01-01T00:00:00</Date>
    <Kosher>LOW</Kosher>
    <ClientID>10934</ClientID>
    <Delivered>false</Delivered>
  </Order>
  <Order>
    <ID>2607890</ID>
    <BranchID>87465</BranchID>
    <Address>hall in beit shems</Address>
    <Date>0001-01-01T00:00:00</Date>
    <Kosher>MEDIUM</Kosher>
    <ClientID>1921</ClientID>
    <Delivered>false</Delivered>
  </Order>
  <Order>
    <ID>2917081</ID>
    <BranchID>2</BranchID>
    <Address>Sdarot herzl 12</Address>
    <Date>0001-01-01T00:00:00</Date>
    <Kosher>LOW</Kosher>
    <ClientID>10934</ClientID>
    <Delivered>false</Delivered>
  </Order>
  <Order>
    <ID>2607891</ID>
    <BranchID>87465</BranchID>
    <Address>hall in beit shems</Address>
    <Date>0001-01-01T00:00:00</Date>
    <Kosher>MEDIUM</Kosher>
    <ClientID>1921</ClientID>
    <Delivered>false</Delivered>
  </Order>
  <Order>
    <ID>2917082</ID>
    <BranchID>2</BranchID>
    <Address>Sdarot herzl 12</Address>
    <Date>0001-01-01T00:00:00</Date>
    <Kosher>LOW</Kosher>
    <ClientID>10934</ClientID>
    <Delivered>false</Delivered>
  </Order>
  <Order>
    <ID>2607892</ID>
    <BranchID>87465</BranchID>
    <Address>hall in beit shems</Address>
    <Date>0001-01-01T00:00:00</Date>
    <Kosher>MEDIUM</Kosher>
    <ClientID>1921</ClientID>
    <Delivered>false</Delivered>
  </Order>
  <Order>
    <ID>2917083</ID>
    <BranchID>2</BranchID>
    <Address>Sdarot herzl 12</Address>
    <Date>0001-01-01T00:00:00</Date>
    <Kosher>LOW</Kosher>
    <ClientID>10934</ClientID>
    <Delivered>false</Delivered>
  </Order>
  <Order>
    <ID>2917084</ID>
    <BranchID>2</BranchID>
    <Address>Sdarot herzl 12</Address>
    <Date>0001-01-01T00:00:00</Date>
    <Kosher>LOW</Kosher>
    <ClientID>10934</ClientID>
    <Delivered>false</Delivered>
  </Order>
  <Order>
    <ID>2607893</ID>
    <BranchID>87465</BranchID>
    <Address>hall in beit shems</Address>
    <Date>0001-01-01T00:00:00</Date>
    <Kosher>MEDIUM</Kosher>
    <ClientID>1921</ClientID>
    <Delivered>false</Delivered>
  </Order>
  <Order>
    <ID>2917085</ID>
    <BranchID>2</BranchID>
    <Address>Sdarot herzl 12</Address>
    <Date>0001-01-01T00:00:00</Date>
    <Kosher>LOW</Kosher>
    <ClientID>10934</ClientID>
    <Delivered>false</Delivered>
  </Order>
  <Order>
    <ID>2607894</ID>
    <BranchID>87465</BranchID>
    <Address>hall in beit shems</Address>
    <Date>0001-01-01T00:00:00</Date>
    <Kosher>MEDIUM</Kosher>
    <ClientID>1921</ClientID>
    <Delivered>false</Delivered>
  </Order>
  <Order>
    <ID>2607895</ID>
    <BranchID>87465</BranchID>
    <Address>hall in beit shems</Address>
    <Date>0001-01-01T00:00:00</Date>
    <Kosher>MEDIUM</Kosher>
    <ClientID>1921</ClientID>
    <Delivered>false</Delivered>
  </Order>
</Order>