﻿<?xml version="1.0" encoding="utf-8"?>
<Branches>
  <Branch>
    <ID>87465</ID>
    <Name>Jerusalem</Name>
    <Address>malcha 1</Address>
    <PhoneNumber>026587463</PhoneNumber>
    <Boss>itai deykan @itai6</Boss>
    <EmployeeCount>3</EmployeeCount>
    <AvailableMessangers>4</AvailableMessangers>
    <Kosher>MEDIUM</Kosher>
  </Branch>
  <Branch>
    <ID>18932</ID>
    <Name>Bnei Brak</Name>
    <Address>sholm 7</Address>
    <PhoneNumber>039872611</PhoneNumber>
    <Boss>itai deykan @itai2</Boss>
    <EmployeeCount>1</EmployeeCount>
    <AvailableMessangers>5</AvailableMessangers>
    <Kosher>HIGH</Kosher>
  </Branch>
  <Branch>
    <ID>54384871</ID>
    <Name>Tel Aviv</Name>
    <Address>zion 6</Address>
    <PhoneNumber>032648544</PhoneNumber>
    <Boss>itai deykan @itai4</Boss>
    <EmployeeCount>10</EmployeeCount>
    <AvailableMessangers>10</AvailableMessangers>
    <Kosher>LOW</Kosher>
  </Branch>
  <Branch>
    <ID>9873</ID>
    <Name>Beit Shemesh</Name>
    <Address>Big Center 1</Address>
    <PhoneNumber>073524121</PhoneNumber>
    <Boss>itai deykan @itai5</Boss>
    <EmployeeCount>2</EmployeeCount>
    <AvailableMessangers>3</AvailableMessangers>
    <Kosher>MEDIUM</Kosher>
  </Branch>
  <Branch>
    <ID>2</ID>
    <Name>Eilat</Name>
    <Address>freedom 98</Address>
    <PhoneNumber>078496352</PhoneNumber>
    <Boss>itai deykan @itai3</Boss>
    <EmployeeCount>5</EmployeeCount>
    <AvailableMessangers>4</AvailableMessangers>
    <Kosher>LOW</Kosher>
  </Branch>
</Branches>