﻿<?xml version="1.0" encoding="utf-8"?>
<Dishes>
  <Dish>
    <ID>957473</ID>
    <Name>Soup</Name>
    <Size>LARGE</Size>
    <Price>13</Price>
    <Kosher>HIGH</Kosher>
  </Dish>
  <Dish>
    <ID>19273</ID>
    <Name>Hot Dogs</Name>
    <Size>MEDIUM</Size>
    <Price>15</Price>
    <Kosher>LOW</Kosher>
  </Dish>
  <Dish>
    <ID>1243</ID>
    <Name>Bamba</Name>
    <Size>SMALL</Size>
    <Price>5</Price>
    <Kosher>HIGH</Kosher>
  </Dish>
  <Dish>
    <ID>95840</ID>
    <Name>Wings</Name>
    <Size>MEDIUM</Size>
    <Price>20</Price>
    <Kosher>MEDIUM</Kosher>
  </Dish>
  <Dish>
    <ID>21</ID>
    <Name>Stake</Name>
    <Size>LARGE</Size>
    <Price>34</Price>
    <Kosher>LOW</Kosher>
  </Dish>
</Dishes>