﻿<?xml version="1.0" encoding="utf-8"?>
<Branches>
  <Branch>
    <ID>9873</ID>
    <Name>Beit Shemesh</Name>
    <Address>Big Center 1</Address>
    <PhoneNumber>073524121</PhoneNumber>
    <Boss>Jakob Block @JakobB</Boss>
    <EmployeeCount>2</EmployeeCount>
    <AvailableMessangers>3</AvailableMessangers>
    <Kosher>LOW</Kosher>
  </Branch>
  <Branch>
    <ID>33</ID>
    <Name>Tel Aviv</Name>
    <Address>Zion 6</Address>
    <PhoneNumber>032648544</PhoneNumber>
    <Boss>Ophir Taibe @ophirt</Boss>
    <EmployeeCount>13</EmployeeCount>
    <AvailableMessangers>4</AvailableMessangers>
    <Kosher>LOW</Kosher>
  </Branch>
  <Branch>
    <ID>2</ID>
    <Name>Eilat</Name>
    <Address>Freedom 98</Address>
    <PhoneNumber>078496352</PhoneNumber>
    <Boss>Tal Cohen @talco</Boss>
    <EmployeeCount>5</EmployeeCount>
    <AvailableMessangers>3</AvailableMessangers>
    <Kosher>LOW</Kosher>
  </Branch>
  <Branch>
    <ID>49651763</ID>
    <Name>Haifa</Name>
    <Address>Alenbi Road</Address>
    <PhoneNumber>046593526</PhoneNumber>
    <Boss>David Eiluz @DavidE</Boss>
    <EmployeeCount>2</EmployeeCount>
    <AvailableMessangers>7</AvailableMessangers>
    <Kosher>LOW</Kosher>
  </Branch>
  <Branch>
    <ID>49101594</ID>
    <Name>Rishon Lezion</Name>
    <Address>Sdarot Herzl 67</Address>
    <PhoneNumber>036742594</PhoneNumber>
    <Boss>Noam Cohen @noamC</Boss>
    <EmployeeCount>5</EmployeeCount>
    <AvailableMessangers>3</AvailableMessangers>
    <Kosher>LOW</Kosher>
  </Branch>
  <Branch>
    <ID>87465</ID>
    <Name>Jerusalem</Name>
    <Address>Malcha 1</Address>
    <PhoneNumber>026587463</PhoneNumber>
    <Boss>Itai Deykan @itaidey</Boss>
    <EmployeeCount>3</EmployeeCount>
    <AvailableMessangers>6</AvailableMessangers>
    <Kosher>MEDIUM</Kosher>
  </Branch>
  <Branch>
    <ID>18932</ID>
    <Name>Bnei Brak</Name>
    <Address>Shalom 7</Address>
    <PhoneNumber>039872611</PhoneNumber>
    <Boss>Brauch Belzberg @brauchB</Boss>
    <EmployeeCount>2</EmployeeCount>
    <AvailableMessangers>7</AvailableMessangers>
    <Kosher>HIGH</Kosher>
  </Branch>
  <Branch>
    <ID>56656603</ID>
    <Name>Haifa</Name>
    <Address>Sea Road</Address>
    <PhoneNumber>046547643</PhoneNumber>
    <Boss>Yishay Catane @icatane</Boss>
    <EmployeeCount>5</EmployeeCount>
    <AvailableMessangers>6</AvailableMessangers>
    <Kosher>MEDIUM</Kosher>
  </Branch>
  <Branch>
    <ID>61919381</ID>
    <Name>Tel Aviv</Name>
    <Address>Dizengoff Center</Address>
    <PhoneNumber>032648555</PhoneNumber>
    <Boss>Nria Granot @nriaGranot</Boss>
    <EmployeeCount>4</EmployeeCount>
    <AvailableMessangers>16</AvailableMessangers>
    <Kosher>MEDIUM</Kosher>
  </Branch>
  <Branch>
    <ID>95577371</ID>
    <Name>Petah Tikva</Name>
    <Address>Orlov 23</Address>
    <PhoneNumber>036453716</PhoneNumber>
    <Boss>Kobi Godinger @kobi321</Boss>
    <EmployeeCount>4</EmployeeCount>
    <AvailableMessangers>5</AvailableMessangers>
    <Kosher>HIGH</Kosher>
  </Branch>
  <Branch>
    <ID>49769026</ID>
    <Name>Jerusalem</Name>
    <Address>Gilo 15</Address>
    <PhoneNumber>026587468</PhoneNumber>
    <Boss>David Rimon @davidR</Boss>
    <EmployeeCount>11</EmployeeCount>
    <AvailableMessangers>3</AvailableMessangers>
    <Kosher>LOW</Kosher>
  </Branch>
  <Branch>
    <ID>96110356</ID>
    <Name>Jerusalem</Name>
    <Address>Sdarot Herzel 12</Address>
    <PhoneNumber>026587464</PhoneNumber>
    <Boss>Ariel Feriga @arielf</Boss>
    <EmployeeCount>3</EmployeeCount>
    <AvailableMessangers>12</AvailableMessangers>
    <Kosher>HIGH</Kosher>
  </Branch>
</Branches>