﻿<?xml version="1.0" encoding="utf-8"?>
<DishOrders>
  <DishOrder>
    <ID>8531</ID>
    <OrderID>2605921</OrderID>
    <DishID>297696</DishID>
    <DishAmount>8</DishAmount>
  </DishOrder>
  <DishOrder>
    <ID>8431</ID>
    <OrderID>2605921</OrderID>
    <DishID>298280</DishID>
    <DishAmount>13</DishAmount>
  </DishOrder>
  <DishOrder>
    <ID>8421</ID>
    <OrderID>2605921</OrderID>
    <DishID>298450</DishID>
    <DishAmount>5</DishAmount>
  </DishOrder>
  <DishOrder>
    <ID>8321</ID>
    <OrderID>2605921</OrderID>
    <DishID>302058</DishID>
    <DishAmount>5</DishAmount>
  </DishOrder>
  <DishOrder>
    <ID>8495</ID>
    <OrderID>2444915</OrderID>
    <DishID>957473</DishID>
    <DishAmount>3</DishAmount>
  </DishOrder>
  <DishOrder>
    <ID>8325</ID>
    <OrderID>2444915</OrderID>
    <DishID>302058</DishID>
    <DishAmount>3</DishAmount>
  </DishOrder>
  <DishOrder>
    <ID>8435</ID>
    <OrderID>2444915</OrderID>
    <DishID>298055</DishID>
    <DishAmount>2</DishAmount>
  </DishOrder>
  <DishOrder>
    <ID>7285</ID>
    <OrderID>2444915</OrderID>
    <DishID>1243</DishID>
    <DishAmount>2</DishAmount>
  </DishOrder>
  <DishOrder>
    <ID>8545</ID>
    <OrderID>2444915</OrderID>
    <DishID>297598</DishID>
    <DishAmount>3</DishAmount>
  </DishOrder>
  <DishOrder>
    <ID>7885</ID>
    <OrderID>2444915</OrderID>
    <DishID>19273</DishID>
    <DishAmount>2</DishAmount>
  </DishOrder>
  <DishOrder>
    <ID>8535</ID>
    <OrderID>2444915</OrderID>
    <DishID>297696</DishID>
    <DishAmount>2</DishAmount>
  </DishOrder>
  <DishOrder>
    <ID>7896</ID>
    <OrderID>2398927</OrderID>
    <DishID>19273</DishID>
    <DishAmount>1</DishAmount>
  </DishOrder>
  <DishOrder>
    <ID>6266</ID>
    <OrderID>2398927</OrderID>
    <DishID>21</DishID>
    <DishAmount>6</DishAmount>
  </DishOrder>
  <DishOrder>
    <ID>8506</ID>
    <OrderID>2398927</OrderID>
    <DishID>257993</DishID>
    <DishAmount>5</DishAmount>
  </DishOrder>
  <DishOrder>
    <ID>8412</ID>
    <OrderID>3601222</OrderID>
    <DishID>473824</DishID>
    <DishAmount>1</DishAmount>
  </DishOrder>
  <DishOrder>
    <ID>8422</ID>
    <OrderID>3601222</OrderID>
    <DishID>298280</DishID>
    <DishAmount>1</DishAmount>
  </DishOrder>
  <DishOrder>
    <ID>7272</ID>
    <OrderID>3601222</OrderID>
    <DishID>1243</DishID>
    <DishAmount>1</DishAmount>
  </DishOrder>
  <DishOrder>
    <ID>8532</ID>
    <OrderID>3601222</OrderID>
    <DishID>297598</DishID>
    <DishAmount>1</DishAmount>
  </DishOrder>
  <DishOrder>
    <ID>8372</ID>
    <OrderID>3601222</OrderID>
    <DishID>463713</DishID>
    <DishAmount>1</DishAmount>
  </DishOrder>
  <DishOrder>
    <ID>8413</ID>
    <OrderID>3601222</OrderID>
    <DishID>298450</DishID>
    <DishAmount>1</DishAmount>
  </DishOrder>
  <DishOrder>
    <ID>8362</ID>
    <OrderID>3601222</OrderID>
    <DishID>459203</DishID>
    <DishAmount>1</DishAmount>
  </DishOrder>
  <DishOrder>
    <ID>8482</ID>
    <OrderID>3601222</OrderID>
    <DishID>957473</DishID>
    <DishAmount>3</DishAmount>
  </DishOrder>
  <DishOrder>
    <ID>7912</ID>
    <OrderID>3601222</OrderID>
    <DishID>95840</DishID>
    <DishAmount>3</DishAmount>
  </DishOrder>
  <DishOrder>
    <ID>8322</ID>
    <OrderID>3601222</OrderID>
    <DishID>303481</DishID>
    <DishAmount>4</DishAmount>
  </DishOrder>
  <DishOrder>
    <ID>7872</ID>
    <OrderID>3601222</OrderID>
    <DishID>19273</DishID>
    <DishAmount>3</DishAmount>
  </DishOrder>
  <DishOrder>
    <ID>8312</ID>
    <OrderID>3601222</OrderID>
    <DishID>302058</DishID>
    <DishAmount>2</DishAmount>
  </DishOrder>
  <DishOrder>
    <ID>8522</ID>
    <OrderID>3601222</OrderID>
    <DishID>297696</DishID>
    <DishAmount>1</DishAmount>
  </DishOrder>
  <DishOrder>
    <ID>7879</ID>
    <OrderID>3440228</OrderID>
    <DishID>19273</DishID>
    <DishAmount>2</DishAmount>
  </DishOrder>
  <DishOrder>
    <ID>8489</ID>
    <OrderID>3440228</OrderID>
    <DishID>957473</DishID>
    <DishAmount>3</DishAmount>
  </DishOrder>
  <DishOrder>
    <ID>8485</ID>
    <OrderID>3411415</OrderID>
    <DishID>957473</DishID>
    <DishAmount>8</DishAmount>
  </DishOrder>
  <DishOrder>
    <ID>8491</ID>
    <OrderID>3710365</OrderID>
    <DishID>957473</DishID>
    <DishAmount>4</DishAmount>
  </DishOrder>
  <DishOrder>
    <ID>7881</ID>
    <OrderID>3710365</OrderID>
    <DishID>19273</DishID>
    <DishAmount>24</DishAmount>
  </DishOrder>
  <DishOrder>
    <ID>7914</ID>
    <OrderID>3431070</OrderID>
    <DishID>95840</DishID>
    <DishAmount>5</DishAmount>
  </DishOrder>
  <DishOrder>
    <ID>8536</ID>
    <OrderID>3638063</OrderID>
    <DishID>297696</DishID>
    <DishAmount>6</DishAmount>
  </DishOrder>
  <DishOrder>
    <ID>8496</ID>
    <OrderID>3477063</OrderID>
    <DishID>957473</DishID>
    <DishAmount>3</DishAmount>
  </DishOrder>
  <DishOrder>
    <ID>8498</ID>
    <OrderID>3485018</OrderID>
    <DishID>957473</DishID>
    <DishAmount>1</DishAmount>
  </DishOrder>
  <DishOrder>
    <ID>8490</ID>
    <OrderID>3706350</OrderID>
    <DishID>957473</DishID>
    <DishAmount>1</DishAmount>
  </DishOrder>
  <DishOrder>
    <ID>7878</ID>
    <OrderID>3721243</OrderID>
    <DishID>19273</DishID>
    <DishAmount>1</DishAmount>
  </DishOrder>
  <DishOrder>
    <ID>8324</ID>
    <OrderID>2605915</OrderID>
    <DishID>302058</DishID>
    <DishAmount>5</DishAmount>
  </DishOrder>
  <DishOrder>
    <ID>7884</ID>
    <OrderID>2605915</OrderID>
    <DishID>19273</DishID>
    <DishAmount>4</DishAmount>
  </DishOrder>
  <DishOrder>
    <ID>8534</ID>
    <OrderID>2605915</OrderID>
    <DishID>297696</DishID>
    <DishAmount>13</DishAmount>
  </DishOrder>
  <DishOrder>
    <ID>8432</ID>
    <OrderID>2605922</OrderID>
    <DishID>298280</DishID>
    <DishAmount>5</DishAmount>
  </DishOrder>
  <DishOrder>
    <ID>7922</ID>
    <OrderID>2605922</OrderID>
    <DishID>95840</DishID>
    <DishAmount>5</DishAmount>
  </DishOrder>
  <DishOrder>
    <ID>8433</ID>
    <OrderID>2605923</OrderID>
    <DishID>298055</DishID>
    <DishAmount>7</DishAmount>
  </DishOrder>
</DishOrders>