﻿<?xml version="1.0" encoding="utf-8"?>
<Dishes>
  <Dish>
    <ID>957473</ID>
    <Name>Soup</Name>
    <Size>LARGE</Size>
    <Price>13</Price>
    <Kosher>HIGH</Kosher>
    <Active>true</Active>
  </Dish>
  <Dish>
    <ID>19273</ID>
    <Name>Hot Dogs</Name>
    <Size>MEDIUM</Size>
    <Price>7</Price>
    <Kosher>HIGH</Kosher>
    <Active>true</Active>
  </Dish>
  <Dish>
    <ID>1243</ID>
    <Name>Bamba</Name>
    <Size>SMALL</Size>
    <Price>15</Price>
    <Kosher>HIGH</Kosher>
    <Active>true</Active>
  </Dish>
  <Dish>
    <ID>95840</ID>
    <Name>Wings</Name>
    <Size>MEDIUM</Size>
    <Price>12</Price>
    <Kosher>MEDIUM</Kosher>
    <Active>true</Active>
  </Dish>
  <Dish>
    <ID>21</ID>
    <Name>Stake</Name>
    <Size>LARGE</Size>
    <Price>11</Price>
    <Kosher>LOW</Kosher>
    <Active>true</Active>
  </Dish>
  <Dish>
    <ID>302058</ID>
    <Name>Hot Dogs</Name>
    <Size>LARGE</Size>
    <Price>10</Price>
    <Kosher>HIGH</Kosher>
    <Active>true</Active>
  </Dish>
  <Dish>
    <ID>297598</ID>
    <Name>Hot Dogs</Name>
    <Size>SMALL</Size>
    <Price>3</Price>
    <Kosher>HIGH</Kosher>
    <Active>true</Active>
  </Dish>
  <Dish>
    <ID>257993</ID>
    <Name>Deer in his mother's milk</Name>
    <Size>LARGE</Size>
    <Price>26</Price>
    <Kosher>LOW</Kosher>
    <Active>true</Active>
  </Dish>
  <Dish>
    <ID>473824</ID>
    <Name>Chorizo</Name>
    <Size>MEDIUM</Size>
    <Price>13.2</Price>
    <Kosher>MEDIUM</Kosher>
    <Active>true</Active>
  </Dish>
  <Dish>
    <ID>297696</ID>
    <Name>Lettuce</Name>
    <Size>SMALL</Size>
    <Price>4</Price>
    <Kosher>HIGH</Kosher>
    <Active>true</Active>
  </Dish>
  <Dish>
    <ID>463713</ID>
    <Name>Greek salad</Name>
    <Size>SMALL</Size>
    <Price>12</Price>
    <Kosher>MEDIUM</Kosher>
    <Active>true</Active>
  </Dish>
  <Dish>
    <ID>298592</ID>
    <Name>Coca-Cola</Name>
    <Size>MEDIUM</Size>
    <Price>5</Price>
    <Kosher>HIGH</Kosher>
    <Active>true</Active>
  </Dish>
  <Dish>
    <ID>298280</ID>
    <Name>Fanta</Name>
    <Size>MEDIUM</Size>
    <Price>5</Price>
    <Kosher>HIGH</Kosher>
    <Active>true</Active>
  </Dish>
  <Dish>
    <ID>298450</ID>
    <Name>FUZE tea</Name>
    <Size>MEDIUM</Size>
    <Price>5</Price>
    <Kosher>HIGH</Kosher>
    <Active>true</Active>
  </Dish>
  <Dish>
    <ID>298305</ID>
    <Name>Water</Name>
    <Size>MEDIUM</Size>
    <Price>5</Price>
    <Kosher>HIGH</Kosher>
    <Active>true</Active>
  </Dish>
  <Dish>
    <ID>303481</ID>
    <Name>Mineral water</Name>
    <Size>MEDIUM</Size>
    <Price>10</Price>
    <Kosher>HIGH</Kosher>
    <Active>true</Active>
  </Dish>
  <Dish>
    <ID>459203</ID>
    <Name>Pepsi</Name>
    <Size>MEDIUM</Size>
    <Price>4</Price>
    <Kosher>MEDIUM</Kosher>
    <Active>true</Active>
  </Dish>
  <Dish>
    <ID>302768</ID>
    <Name>Bear</Name>
    <Size>MEDIUM</Size>
    <Price>12</Price>
    <Kosher>HIGH</Kosher>
    <Active>true</Active>
  </Dish>
  <Dish>
    <ID>302208</ID>
    <Name>Bear</Name>
    <Size>LARGE</Size>
    <Price>15</Price>
    <Kosher>HIGH</Kosher>
    <Active>true</Active>
  </Dish>
  <Dish>
    <ID>301848</ID>
    <Name>Bear</Name>
    <Size>SMALL</Size>
    <Price>10</Price>
    <Kosher>HIGH</Kosher>
    <Active>true</Active>
  </Dish>
  <Dish>
    <ID>464657</ID>
    <Name>Turkey Meat</Name>
    <Size>MEDIUM</Size>
    <Price>14</Price>
    <Kosher>MEDIUM</Kosher>
    <Active>true</Active>
  </Dish>
  <Dish>
    <ID>298490</ID>
    <Name>Ribs</Name>
    <Size>MEDIUM</Size>
    <Price>8</Price>
    <Kosher>HIGH</Kosher>
    <Active>true</Active>
  </Dish>
  <Dish>
    <ID>256749</ID>
    <Name>Kobe beef</Name>
    <Size>LARGE</Size>
    <Price>34</Price>
    <Kosher>LOW</Kosher>
    <Active>true</Active>
  </Dish>
  <Dish>
    <ID>298055</ID>
    <Name>Hamburger</Name>
    <Size>LARGE</Size>
    <Price>7</Price>
    <Kosher>HIGH</Kosher>
    <Active>true</Active>
  </Dish>
  <Dish>
    <ID>252615</ID>
    <Name>Hamburger</Name>
    <Size>MEDIUM</Size>
    <Price>4</Price>
    <Kosher>LOW</Kosher>
    <Active>true</Active>
  </Dish>
  <Dish>
    <ID>303068</ID>
    <Name>Bear</Name>
    <Size>MEDIUM</Size>
    <Price>15</Price>
    <Kosher>HIGH</Kosher>
    <Active>true</Active>
  </Dish>
</Dishes>