﻿<?xml version="1.0" encoding="utf-8"?>
<Users>
  <User>
    <Type>NetworkManger</Type>
    <UserName>shy71</UserName>
    <Password>123456</Password>
    <Name>Shy Tennenbaum</Name>
    <ItemID>0</ItemID>
  </User>
  <User>
    <Type>NetworkManger</Type>
    <UserName>ezra1</UserName>
    <Password>123456</Password>
    <Name>Ezra Block</Name>
    <ItemID>0</ItemID>
  </User>
  <User>
    <Type>BranchManger</Type>
    <UserName>arielf</UserName>
    <Password>123456</Password>
    <Name>Ariel Feriga</Name>
    <ItemID>96110356</ItemID>
  </User>
  <User>
    <Type>BranchManger</Type>
    <UserName>davidR</UserName>
    <Password>123456</Password>
    <Name>David Rimon</Name>
    <ItemID>49769026</ItemID>
  </User>
  <User>
    <Type>BranchManger</Type>
    <UserName>nriaGranot</UserName>
    <Password>123456</Password>
    <Name>Nria Granot</Name>
    <ItemID>61919381</ItemID>
  </User>
  <User>
    <Type>BranchManger</Type>
    <UserName>icatane</UserName>
    <Password>123456</Password>
    <Name>Yishay Catane</Name>
    <ItemID>56656603</ItemID>
  </User>
  <User>
    <Type>BranchManger</Type>
    <UserName>DavidE</UserName>
    <Password>123456</Password>
    <Name>David Eiluz</Name>
    <ItemID>49651763</ItemID>
  </User>
  <User>
    <Type>BranchManger</Type>
    <UserName>noamC</UserName>
    <Password>123456</Password>
    <Name>Noam Cohen</Name>
    <ItemID>49101594</ItemID>
  </User>
  <User>
    <Type>BranchManger</Type>
    <UserName>kobi321</UserName>
    <Password>123456</Password>
    <Name>Kobi Godinger</Name>
    <ItemID>95577371</ItemID>
  </User>
  <User>
    <Type>BranchManger</Type>
    <UserName>JakobB</UserName>
    <Password>123456</Password>
    <Name>Jakob Block</Name>
    <ItemID>9873</ItemID>
  </User>
  <User>
    <Type>BranchManger</Type>
    <UserName>itaidey</UserName>
    <Password>123456</Password>
    <Name>Itai Deykan</Name>
    <ItemID>87465</ItemID>
  </User>
  <User>
    <Type>BranchManger</Type>
    <UserName>ophirt</UserName>
    <Password>123456</Password>
    <Name>Ophir Taibe</Name>
    <ItemID>33</ItemID>
  </User>
  <User>
    <Type>BranchManger</Type>
    <UserName>talco</UserName>
    <Password>123456</Password>
    <Name>Tal Cohen</Name>
    <ItemID>2</ItemID>
  </User>
  <User>
    <Type>BranchManger</Type>
    <UserName>brauchB</UserName>
    <Password>123456</Password>
    <Name>Brauch Belzberg</Name>
    <ItemID>18932</ItemID>
  </User>
  <User>
    <Type>NetworkManger</Type>
    <UserName>davidk</UserName>
    <Password>123456</Password>
    <Name>David Kidron</Name>
    <ItemID>0</ItemID>
  </User>
  <User>
    <Type>Client</Type>
    <UserName>shay</UserName>
    <Password>123456</Password>
    <Name>Shay Katz</Name>
    <ItemID>1921</ItemID>
  </User>
  <User>
    <Type>Client</Type>
    <UserName>sefie</UserName>
    <Password>123456</Password>
    <Name>Sefi Eliash</Name>
    <ItemID>151721</ItemID>
  </User>
  <User>
    <Type>Client</Type>
    <UserName>idos</UserName>
    <Password>123456</Password>
    <Name>Ido Sharpstiain</Name>
    <ItemID>151164</ItemID>
  </User>
  <User>
    <Type>Client</Type>
    <UserName>reback</UserName>
    <Password>123456</Password>
    <Name>Dan Reback</Name>
    <ItemID>160391</ItemID>
  </User>
  <User>
    <Type>Client</Type>
    <UserName>pitro</UserName>
    <Password>123456</Password>
    <Name>Daniel Pitro</Name>
    <ItemID>160597</ItemID>
  </User>
  <User>
    <Type>Client</Type>
    <UserName>itang</UserName>
    <Password>123456</Password>
    <Name>Itan Gotlive</Name>
    <ItemID>154738</ItemID>
  </User>
  <User>
    <Type>Client</Type>
    <UserName>novik</UserName>
    <Password>123456</Password>
    <Name>Itan Novik</Name>
    <ItemID>146927</ItemID>
  </User>
  <User>
    <Type>Client</Type>
    <UserName>uriel</UserName>
    <Password>123456</Password>
    <Name>Uriel Eli</Name>
    <ItemID>153517</ItemID>
  </User>
</Users>